method,n00,n01,n10,n11,pi01,pi11,lr_independence,p_value
historical,1269,15,15,0,0.011682242990654205,0.0,0.350475261783572,0.5538442191406774
regime_weighted,1267,16,16,0,0.012470771628994544,0.0,0.3990750365057636,0.5275673334806483
