method,exceptions,observations,expected_exceptions,exception_rate,lr_pof,p_value
historical,15,1300,13.00000000000001,0.011538461538461539,0.2961349235275108,0.5863156843088058
regime_weighted,16,1300,13.00000000000001,0.012307692307692308,0.651458119810016,0.4195918456280101
