Model,VaR,CVaR
Historical,0.016828777455568388,0.02526888254502073
Gaussian,0.015104546477355811,0.01733489565669405
Student-t,0.021934983549964607,0.04185221610577526
EVT,0.017004518154247382,0.025482238529402373
Cornish-Fisher,0.051778871199829025,
MC 20D Student-t,0.06376543511944031,0.07354632371766189
Adaptive regime-weighted,0.017891739313024065,0.027706103867019778
