asset,weight,marginal_risk,component_risk,risk_contribution_pct
Equity,0.4,0.011635836095437274,0.00465433443817491,0.7071526378724561
Rates,0.2,-0.0003630649201778985,-7.261298403557971e-05,-0.011032396551350068
Credit,0.2,0.004760952859937233,0.0009521905719874467,0.14467032476554093
FX,0.1,0.0023558773327825217,0.00023558773327825218,0.03579383674531038
Commodity,0.1,0.008122962898580688,0.0008122962898580689,0.1234155971680426
