Model,VaR,CVaR
Historical equal-weight,0.016828777455568388,0.02526888254502073
Volatility-adaptive weighted,0.017891739313024065,0.027706103867019778
