scenario,portfolio_return,portfolio_loss
Liquidity crisis,-0.10800000000000001,0.10800000000000001
Equity crash,-0.09700000000000002,0.09700000000000002
Credit widening,-0.058,0.058
Rates shock,-0.041,0.041
Commodity spike,-0.0040000000000000036,0.0040000000000000036
Risk-on rally,0.051000000000000004,-0.051000000000000004
